[
  {
    "id": "09db5dea-b717-4323-9cf4-93e6de55e700",
    "data": [
      {
        "text": "How do you ensure trustworthiness of candidates?",
        "userDefined": false
      }
    ],
    "isTemplate": false,
    "count": 0,
    "lang": "en",
    "updated": 0
  },
  {
    "id": "b7508807-ade9-49ae-9f90-11423f73ac80",
    "data": [
      {
        "text": "Are candidates screened with a background check?",
        "userDefined": false
      }
    ],
    "isTemplate": false,
    "count": 0,
    "lang": "en",
    "updated": 0
  },
  {
    "id": "30a7eae0-5526-4465-8f01-c76926e40709",
    "data": [
      {
        "text": "Do you verify the candidates?",
        "userDefined": false
      }
    ],
    "isTemplate": false,
    "count": 0,
    "lang": "en",
    "updated": 0
  },
  {
    "id": "e0d0f816-0527-47c9-83b6-f31fe0ef7a69",
    "data": [
      {
        "text": "Is a background verification done?",
        "userDefined": false
      }
    ],
    "isTemplate": false,
    "count": 0,
    "lang": "en",
    "updated": 0
  },
  {
    "id": "a82c3779-e6db-4259-bd0c-8c8d99443a1e",
    "data": [
      {
        "text": "Will you check candidate backgrounds?\"",
        "userDefined": false
      }
    ],
    "isTemplate": false,
    "count": 0,
    "lang": "en",
    "updated": 0
  },
  {
    "id": "a4cc304a-a62d-418a-bf92-255d155768c5",
    "data": [
      {
        "text": "Are background checks included?",
        "userDefined": false
      }
    ],
    "isTemplate": false,
    "count": 0,
    "lang": "en",
    "updated": 0
  },
  {
    "id": "bccbd7d6-84b4-4624-90a9-1652b8810cdc",
    "data": [
      {
        "text": "Do you provide background checks?",
        "userDefined": false
      }
    ],
    "isTemplate": false,
    "count": 0,
    "lang": "en",
    "updated": 0
  },
  {
    "id": "fae9f7dd-701a-46e4-9fa2-d422d07367c2",
    "data": [
      {
        "text": " How do you ensure safety?",
        "userDefined": false
      }
    ],
    "isTemplate": false,
    "count": 0,
    "lang": "en",
    "updated": 0
  },
  {
    "id": "416c438d-59de-4f85-986b-c32cabf940fe",
    "data": [
      {
        "text": "Are candidates verified?",
        "userDefined": false
      }
    ],
    "isTemplate": false,
    "count": 0,
    "lang": "en",
    "updated": 0
  },
  {
    "id": "65e4fbd5-d707-4005-a025-9ef29d9aaab6",
    "data": [
      {
        "text": "Do you do background checks?",
        "userDefined": false
      }
    ],
    "isTemplate": false,
    "count": 0,
    "lang": "en",
    "updated": 0
  }
]