[
  {
    "id": "279adf73-5ccf-40d0-8c2c-a04d16ca2a70",
    "data": [
      {
        "text": "Are candidates tested?",
        "userDefined": false
      }
    ],
    "isTemplate": false,
    "count": 0,
    "lang": "en",
    "updated": 0
  },
  {
    "id": "2d7c1169-f224-4080-9fa3-7c2f3f152c36",
    "data": [
      {
        "text": "What\u0027s your vetting process?",
        "userDefined": false
      }
    ],
    "isTemplate": false,
    "count": 0,
    "lang": "en",
    "updated": 0
  },
  {
    "id": "56190e49-da65-4670-9eab-d437a3ab8838",
    "data": [
      {
        "text": "How do you ensure good candidates?",
        "userDefined": false
      }
    ],
    "isTemplate": false,
    "count": 0,
    "lang": "en",
    "updated": 0
  }
]