[
  {
    "id": "e714e800-2d58-45a0-9205-3e6b23c3e3f8",
    "data": [
      {
        "text": "Do you do both temp and full-time?",
        "userDefined": false
      }
    ],
    "isTemplate": false,
    "count": 0,
    "lang": "en",
    "updated": 0
  },
  {
    "id": "f741ee75-4079-44a2-b6d1-a35fe31a80d7",
    "data": [
      {
        "text": "Can you explain employment types?",
        "userDefined": false
      }
    ],
    "isTemplate": false,
    "count": 0,
    "lang": "en",
    "updated": 0
  },
  {
    "id": "e5af8171-d422-4c02-ba17-e38ac24f4fa5",
    "data": [
      {
        "text": "What\u0027s the difference between contract and permanent roles?",
        "userDefined": false
      }
    ],
    "isTemplate": false,
    "count": 0,
    "lang": "en",
    "updated": 0
  }
]