[
  {
    "id": "22aba067-59e8-4586-9c77-2093164ff3da",
    "data": [
      {
        "text": "who should i contact?",
        "userDefined": false
      }
    ],
    "isTemplate": false,
    "count": 0,
    "lang": "en",
    "updated": 0
  },
  {
    "id": "d9a48a56-f9b3-4f77-9794-c38b8c90b88a",
    "data": [
      {
        "text": "can u provide me contact details",
        "userDefined": false
      }
    ],
    "isTemplate": false,
    "count": 0,
    "lang": "en",
    "updated": 0
  },
  {
    "id": "91e33f23-7236-41c5-ab2e-72a3566ae616",
    "data": [
      {
        "text": " Can I contact support?  I have more questions.",
        "userDefined": false
      }
    ],
    "isTemplate": false,
    "count": 0,
    "lang": "en",
    "updated": 0
  },
  {
    "id": "ff8068c7-4f13-4c91-a064-33a35b984e26",
    "data": [
      {
        "text": "I want to talk to someone.",
        "userDefined": false
      }
    ],
    "isTemplate": false,
    "count": 0,
    "lang": "en",
    "updated": 0
  }
]