[
  {
    "id": "2ffe44c3-3328-42e1-bdcc-b4a112ae710c",
    "data": [
      {
        "text": "Do you work with businesses?",
        "userDefined": false
      }
    ],
    "isTemplate": false,
    "count": 0,
    "lang": "en",
    "updated": 0
  },
  {
    "id": "32a28031-3483-4bd0-9b0a-b494386d3bf1",
    "data": [
      {
        "text": "I need staff — do you assist?",
        "userDefined": false
      }
    ],
    "isTemplate": false,
    "count": 0,
    "lang": "en",
    "updated": 0
  },
  {
    "id": "cb21abf8-ef18-4d1b-9b4a-21ce5b1ab606",
    "data": [
      {
        "text": "I run a company — can you help me hire?",
        "userDefined": false
      }
    ],
    "isTemplate": false,
    "count": 0,
    "lang": "en",
    "updated": 0
  }
]