[
  {
    "id": "4b59c7e5-e9d3-4efd-987b-f2ff3185c25a",
    "data": [
      {
        "text": " Are there remote opportunities?",
        "userDefined": false
      }
    ],
    "isTemplate": false,
    "count": 0,
    "lang": "en",
    "updated": 0
  },
  {
    "id": "5fcf4c07-951c-4a96-8c48-5ae3ba4d7c1d",
    "data": [
      {
        "text": "Can I work from home?",
        "userDefined": false
      }
    ],
    "isTemplate": false,
    "count": 0,
    "lang": "en",
    "updated": 0
  },
  {
    "id": "22aa1bd7-da42-42cf-b688-1e8f7c0a2ed9",
    "data": [
      {
        "text": "Do you offer remote roles?",
        "userDefined": false
      }
    ],
    "isTemplate": false,
    "count": 0,
    "lang": "en",
    "updated": 0
  }
]