[
  {
    "id": "12be9612-3409-41dd-aadc-003a780259d9",
    "data": [
      {
        "text": "  Any entry-level internships?",
        "userDefined": false
      }
    ],
    "isTemplate": false,
    "count": 0,
    "lang": "en",
    "updated": 0
  },
  {
    "id": "19604f9d-af2f-4552-bee0-55b9e44df922",
    "data": [
      {
        "text": "I\u0027m looking for an internship.Can you help?",
        "userDefined": false
      }
    ],
    "isTemplate": false,
    "count": 0,
    "lang": "en",
    "updated": 0
  },
  {
    "id": "90fde49c-31c5-4a6f-af69-e8cd0c667718",
    "data": [
      {
        "text": "Do you help with internships?",
        "userDefined": false
      }
    ],
    "isTemplate": false,
    "count": 0,
    "lang": "en",
    "updated": 0
  }
]