[
  {
    "id": "8e3496ff-bc79-4056-bd0d-fb68c3e9a06e",
    "data": [
      {
        "text": " Is your service good for new companies?",
        "userDefined": false
      }
    ],
    "isTemplate": false,
    "count": 0,
    "lang": "en",
    "updated": 0
  },
  {
    "id": "5e161aa7-a867-4d05-86c0-fa424de86f16",
    "data": [
      {
        "text": "I have a small business, can you help?",
        "userDefined": false
      }
    ],
    "isTemplate": false,
    "count": 0,
    "lang": "en",
    "updated": 0
  },
  {
    "id": "a2c3460d-527e-4215-bd3c-485a51700693",
    "data": [
      {
        "text": "Do you work with startups?",
        "userDefined": false
      }
    ],
    "isTemplate": false,
    "count": 0,
    "lang": "en",
    "updated": 0
  }
]