[
  {
    "id": "3f305390-5d77-46fd-b03b-6bf69e817fe0",
    "data": [
      {
        "text": "what is the recruitment process",
        "userDefined": false
      }
    ],
    "isTemplate": false,
    "count": 0,
    "lang": "en",
    "updated": 0
  },
  {
    "id": "48751c9a-fc49-43d1-b5ea-4f2050a73870",
    "data": [
      {
        "text": "Can you explain the recruitment process?",
        "userDefined": false
      }
    ],
    "isTemplate": false,
    "count": 0,
    "lang": "en",
    "updated": 0
  },
  {
    "id": "46dbc498-624e-45ae-82f2-f5563f95da6a",
    "data": [
      {
        "text": "What steps do you follow to hire?",
        "userDefined": false
      }
    ],
    "isTemplate": false,
    "count": 0,
    "lang": "en",
    "updated": 0
  },
  {
    "id": "c5f25f30-b914-490e-a691-b039421bb7f7",
    "data": [
      {
        "text": "How does the hiring process work?",
        "userDefined": false
      }
    ],
    "isTemplate": false,
    "count": 0,
    "lang": "en",
    "updated": 0
  }
]