[
  {
    "id": "5c6131c7-c7d6-47ce-9bd8-e3b297256b3b",
    "data": [
      {
        "text": "What\u0027s the registration process?",
        "userDefined": false
      }
    ],
    "isTemplate": false,
    "count": 0,
    "lang": "en",
    "updated": 0
  },
  {
    "id": "708ed883-a65e-4552-8cf9-90482a19ad22",
    "data": [
      {
        "text": "How do I sign up with your agency?",
        "userDefined": false
      }
    ],
    "isTemplate": false,
    "count": 0,
    "lang": "en",
    "updated": 0
  },
  {
    "id": "f1e8a485-3a53-4b36-8553-e74e760c513b",
    "data": [
      {
        "text": "How can I apply?",
        "userDefined": false
      }
    ],
    "isTemplate": false,
    "count": 0,
    "lang": "en",
    "updated": 0
  }
]