[
  {
    "id": "48b2eca4-da6c-453b-ab07-96c1886b740d",
    "data": [
      {
        "text": "  Can you help me find a job in finance?",
        "userDefined": false
      }
    ],
    "isTemplate": false,
    "count": 0,
    "lang": "en",
    "updated": 0
  },
  {
    "id": "3c055002-1fa3-40a2-9d20-6f37f0703a9a",
    "data": [
      {
        "text": "Do you hire for IT or healthcare?",
        "userDefined": false
      }
    ],
    "isTemplate": false,
    "count": 0,
    "lang": "en",
    "updated": 0
  },
  {
    "id": "d5219ec1-b846-4243-95d4-c0e8992c178b",
    "data": [
      {
        "text": "What industries do you work with?",
        "userDefined": false
      }
    ],
    "isTemplate": false,
    "count": 0,
    "lang": "en",
    "updated": 0
  }
]