[
  {
    "id": "1f511148-9868-4b36-952c-1d0de5e6231c",
    "data": [
      {
        "text": "  Do I have to pay for this service?",
        "userDefined": false
      }
    ],
    "isTemplate": false,
    "count": 0,
    "lang": "en",
    "updated": 0
  },
  {
    "id": "c0d6f605-63b4-46d4-90dd-c32d248d6f46",
    "data": [
      {
        "text": "Is there a charge for applying?",
        "userDefined": false
      }
    ],
    "isTemplate": false,
    "count": 0,
    "lang": "en",
    "updated": 0
  },
  {
    "id": "81be3c75-5f6f-464e-a135-048f74093060",
    "data": [
      {
        "text": "Do job seekers pay a fee?",
        "userDefined": false
      }
    ],
    "isTemplate": false,
    "count": 0,
    "lang": "en",
    "updated": 0
  }
]