[
  {
    "id": "6c2a3c49-283b-44d1-bc8d-71535536eb7d",
    "data": [
      {
        "text": "Is your service location-specific?",
        "userDefined": false
      }
    ],
    "isTemplate": false,
    "count": 0,
    "lang": "en",
    "updated": 0
  },
  {
    "id": "10c955e1-1018-46c7-a34a-976d6a99eb7f",
    "data": [
      {
        "text": "What cities do you cover?",
        "userDefined": false
      }
    ],
    "isTemplate": false,
    "count": 0,
    "lang": "en",
    "updated": 0
  },
  {
    "id": "5ccda052-9423-48c0-983a-b4c598b61733",
    "data": [
      {
        "text": "Do you hire locally?",
        "userDefined": false
      }
    ],
    "isTemplate": false,
    "count": 0,
    "lang": "en",
    "updated": 0
  }
]