[
  {
    "id": "b157f696-5c2b-4a43-af79-76f54ea5b6f0",
    "data": [
      {
        "text": "requirements?",
        "userDefined": false
      }
    ],
    "isTemplate": false,
    "count": 0,
    "lang": "en",
    "updated": 0
  },
  {
    "id": "863a4154-fd12-4fd8-b9e5-c38e9b05f2d0",
    "data": [
      {
        "text": "  Do I need a degree?",
        "userDefined": false
      }
    ],
    "isTemplate": false,
    "count": 0,
    "lang": "en",
    "updated": 0
  },
  {
    "id": "f93cc71f-d7f9-40b0-a950-72ee966fdfcf",
    "data": [
      {
        "text": "Are there any requirements?",
        "userDefined": false
      }
    ],
    "isTemplate": false,
    "count": 0,
    "lang": "en",
    "updated": 0
  },
  {
    "id": "b0c9204f-77c6-4663-8da5-42c0db2551c9",
    "data": [
      {
        "text": "What qualifications do I need?",
        "userDefined": false
      }
    ],
    "isTemplate": false,
    "count": 0,
    "lang": "en",
    "updated": 0
  }
]