[
  {
    "id": "289c73e4-ec26-4bca-b50d-abb4052bb5ea",
    "data": [
      {
        "text": "Who pays the temp workers?",
        "userDefined": false
      }
    ],
    "isTemplate": false,
    "count": 0,
    "lang": "en",
    "updated": 0
  },
  {
    "id": "67872134-8a85-4556-9f0b-672f66c6d90f",
    "data": [
      {
        "text": "Will you take care of taxes and compliance?",
        "userDefined": false
      }
    ],
    "isTemplate": false,
    "count": 0,
    "lang": "en",
    "updated": 0
  },
  {
    "id": "8248e6d6-e9f3-474d-a349-b9f4f147085a",
    "data": [
      {
        "text": "Do you handle payroll?",
        "userDefined": false
      }
    ],
    "isTemplate": false,
    "count": 0,
    "lang": "en",
    "updated": 0
  }
]