[
  {
    "id": "caf01642-0fc2-42ef-819d-3c48862a5b72",
    "data": [
      {
        "text": "Can I get a new person if this one doesn\u0027t fit?",
        "userDefined": false
      }
    ],
    "isTemplate": false,
    "count": 0,
    "lang": "en",
    "updated": 0
  },
  {
    "id": "b05ecb87-4c2a-4227-88a1-f2ccb7dabedc",
    "data": [
      {
        "text": "What\u0027s your candidate replacement policy?",
        "userDefined": false
      }
    ],
    "isTemplate": false,
    "count": 0,
    "lang": "en",
    "updated": 0
  },
  {
    "id": "27f17ec4-a415-46ed-bdf0-0171d355594b",
    "data": [
      {
        "text": "Do you replace candidates if needed?",
        "userDefined": false
      }
    ],
    "isTemplate": false,
    "count": 0,
    "lang": "en",
    "updated": 0
  },
  {
    "id": "787b2979-b5ca-40c8-93fd-368e496870cb",
    "data": [
      {
        "text": "Will I get a replacement if the hire is bad?",
        "userDefined": false
      }
    ],
    "isTemplate": false,
    "count": 0,
    "lang": "en",
    "updated": 0
  },
  {
    "id": "010f110b-0b8b-41de-ba59-18882ab2e39c",
    "data": [
      {
        "text": "What happens if a candidate doesn\u0027t work out?",
        "userDefined": false
      }
    ],
    "isTemplate": false,
    "count": 0,
    "lang": "en",
    "updated": 0
  },
  {
    "id": "c5368cfb-74ea-4dd2-8d3d-3fad1a525fe4",
    "data": [
      {
        "text": "Do you offer a guarantee for new hires?",
        "userDefined": false
      }
    ],
    "isTemplate": false,
    "count": 0,
    "lang": "en",
    "updated": 0
  },
  {
    "id": "d4859132-7c91-458c-8a02-1686f131657b",
    "data": [
      {
        "text": "Is there a replacement guarantee?",
        "userDefined": false
      }
    ],
    "isTemplate": false,
    "count": 0,
    "lang": "en",
    "updated": 0
  },
  {
    "id": "b69dcd58-fb6a-46f0-a97a-8d2ee7aee3ae",
    "data": [
      {
        "text": " Is there a backup option?",
        "userDefined": false
      }
    ],
    "isTemplate": false,
    "count": 0,
    "lang": "en",
    "updated": 0
  },
  {
    "id": "68a72263-96da-4393-a218-9e744a47bd80",
    "data": [
      {
        "text": "Do you offer replacements?",
        "userDefined": false
      }
    ],
    "isTemplate": false,
    "count": 0,
    "lang": "en",
    "updated": 0
  },
  {
    "id": "31715d90-837b-4395-ac77-42c52318b48c",
    "data": [
      {
        "text": "What if the candidate doesn\u0027t work out?",
        "userDefined": false
      }
    ],
    "isTemplate": false,
    "count": 0,
    "lang": "en",
    "updated": 0
  }
]