[
  {
    "id": "c92ea7b1-98e8-4323-92c0-49807d591569",
    "data": [
      {
        "text": "Can temp staff be retained permanently?",
        "userDefined": false
      }
    ],
    "isTemplate": false,
    "count": 0,
    "lang": "en",
    "updated": 0
  },
  {
    "id": "e1e616e5-80e8-404f-a9c9-ddc1f72a181f",
    "data": [
      {
        "text": "Do you allow converting contractors to full-time?",
        "userDefined": false
      }
    ],
    "isTemplate": false,
    "count": 0,
    "lang": "en",
    "updated": 0
  },
  {
    "id": "99133a6b-cdca-4471-ada3-a0d2f4cbed74",
    "data": [
      {
        "text": "Can temporary staff be hired permanently?",
        "userDefined": false
      }
    ],
    "isTemplate": false,
    "count": 0,
    "lang": "en",
    "updated": 0
  },
  {
    "id": "4a95eada-0199-4815-a561-2367a6969146",
    "data": [
      {
        "text": "Can a temp be made a permanent employee?",
        "userDefined": false
      }
    ],
    "isTemplate": false,
    "count": 0,
    "lang": "en",
    "updated": 0
  },
  {
    "id": "915c0c2d-93e1-4fca-8cb5-7ab1a061b8bf",
    "data": [
      {
        "text": "Is it possible to convert temp workers to full-time?",
        "userDefined": false
      }
    ],
    "isTemplate": false,
    "count": 0,
    "lang": "en",
    "updated": 0
  },
  {
    "id": "e74912c0-9e65-4465-a8a5-77e33b8c491a",
    "data": [
      {
        "text": "\"Can I hire someone permanently from a temp placement?",
        "userDefined": false
      }
    ],
    "isTemplate": false,
    "count": 0,
    "lang": "en",
    "updated": 0
  },
  {
    "id": "faec2b4b-b3ec-40d7-99a6-010b0dfa4a2b",
    "data": [
      {
        "text": " Can temp workers be full-time?",
        "userDefined": false
      }
    ],
    "isTemplate": false,
    "count": 0,
    "lang": "en",
    "updated": 0
  },
  {
    "id": "03c06d65-7657-49a1-baea-128a498e6129",
    "data": [
      {
        "text": "Do you support permanent conversions?",
        "userDefined": false
      }
    ],
    "isTemplate": false,
    "count": 0,
    "lang": "en",
    "updated": 0
  },
  {
    "id": "b43bda83-0699-46b4-86e0-d19e28460110",
    "data": [
      {
        "text": "Can I hire a temp permanently?",
        "userDefined": false
      }
    ],
    "isTemplate": false,
    "count": 0,
    "lang": "en",
    "updated": 0
  }
]