[
  {
    "id": "16a2cee3-065b-4e31-9b28-a1a60a483fc8",
    "data": [
      {
        "text": "Turnaround time for hiring?",
        "userDefined": false
      }
    ],
    "isTemplate": false,
    "count": 0,
    "lang": "en",
    "updated": 0
  },
  {
    "id": "e29d9b84-4a9a-4416-9112-2645ce378889",
    "data": [
      {
        "text": "Can you fill jobs fast?",
        "userDefined": false
      }
    ],
    "isTemplate": false,
    "count": 0,
    "lang": "en",
    "updated": 0
  },
  {
    "id": "6bfc0ef3-a736-442c-a2ac-78a1bc7bfc90",
    "data": [
      {
        "text": "What\u0027s the average time to hire someone?",
        "userDefined": false
      }
    ],
    "isTemplate": false,
    "count": 0,
    "lang": "en",
    "updated": 0
  },
  {
    "id": "97492b5b-6b2a-409e-af51-114609370b45",
    "data": [
      {
        "text": "How quickly can you fill a role?",
        "userDefined": false
      }
    ],
    "isTemplate": false,
    "count": 0,
    "lang": "en",
    "updated": 0
  },
  {
    "id": "de2bef52-bbee-4aaf-a3ce-45db3c1e8e67",
    "data": [
      {
        "text": "when can I expect a candidate to be placed?",
        "userDefined": false
      }
    ],
    "isTemplate": false,
    "count": 0,
    "lang": "en",
    "updated": 0
  },
  {
    "id": "8a2a9844-f9d5-4cc0-adbe-914dc705eb74",
    "data": [
      {
        "text": "What\u0027s the time required to hire?",
        "userDefined": false
      }
    ],
    "isTemplate": false,
    "count": 0,
    "lang": "en",
    "updated": 0
  },
  {
    "id": "ecdaefda-498e-4f02-bb34-13fd7639e871",
    "data": [
      {
        "text": "How long does it take to fill a position?",
        "userDefined": false
      }
    ],
    "isTemplate": false,
    "count": 0,
    "lang": "en",
    "updated": 0
  },
  {
    "id": "bb42476b-8c62-4c97-8d12-122be041d71a",
    "data": [
      {
        "text": " What\u0027s the timeline for filling roles?",
        "userDefined": false
      }
    ],
    "isTemplate": false,
    "count": 0,
    "lang": "en",
    "updated": 0
  },
  {
    "id": "3b62a166-4fd6-4a34-b78f-375430f2a650",
    "data": [
      {
        "text": "When will I get a candidate?",
        "userDefined": false
      }
    ],
    "isTemplate": false,
    "count": 0,
    "lang": "en",
    "updated": 0
  },
  {
    "id": "22d9307f-65fa-4701-8a03-af01aa9483b5",
    "data": [
      {
        "text": "How long does it take to hire?",
        "userDefined": false
      }
    ],
    "isTemplate": false,
    "count": 0,
    "lang": "en",
    "updated": 0
  }
]