[
  {
    "id": "dc74cf1f-9d7a-4fe2-bf8e-08ae818ba695",
    "data": [
      {
        "text": "It\u0027s urgent — can you help?",
        "userDefined": false
      }
    ],
    "isTemplate": false,
    "count": 0,
    "lang": "en",
    "updated": 0
  },
  {
    "id": "ba67e60a-8d34-44d7-8d7d-d0af53b3b90b",
    "data": [
      {
        "text": "I need to hire urgently.  Can you find someone fast?",
        "userDefined": false
      }
    ],
    "isTemplate": false,
    "count": 0,
    "lang": "en",
    "updated": 0
  }
]