[
  {
    "id": "42658500-9081-4750-8164-05ead1b80aca",
    "data": [
      {
        "text": "how does this work?",
        "userDefined": false
      }
    ],
    "isTemplate": false,
    "count": 0,
    "lang": "en",
    "updated": 0
  },
  {
    "id": "a2ed9dc5-60ef-465f-9049-89e0a5288cc7",
    "data": [
      {
        "text": "what is this website for?",
        "userDefined": false
      }
    ],
    "isTemplate": false,
    "count": 0,
    "lang": "en",
    "updated": 0
  },
  {
    "id": "0c644859-e33c-45ae-a61f-3424aab5c61d",
    "data": [
      {
        "text": "What services does a staffing agency offer?",
        "userDefined": false
      }
    ],
    "isTemplate": false,
    "count": 0,
    "lang": "en",
    "updated": 0
  },
  {
    "id": "3168822d-55d7-40da-a615-1588092d7870",
    "data": [
      {
        "text": "What do you do?",
        "userDefined": false
      }
    ],
    "isTemplate": false,
    "count": 0,
    "lang": "en",
    "updated": 0
  },
  {
    "id": "9dfa8c95-4b03-4e48-afb5-2978eba921e8",
    "data": [
      {
        "text": "What is a staffing agency?",
        "userDefined": false
      }
    ],
    "isTemplate": false,
    "count": 0,
    "lang": "en",
    "updated": 0
  }
]